<?xml version="1.0" encoding="UTF-8"?>

<?xml-model href="karmer_09-24_rnc-07.rnc" type="application/relax-ng-compact-syntax"?>
<root> <source>https://www.allrecipes.com/recipe/246952/authentic-swedish-pancakes/
https://pinchofyum.com/swedish-pancakes</source>
    <recipie>
    <ingredients>
     <ing quant="3" ref="egg">3 eggs</ing>
     <ing quant="0.75" ref="flo">3/4 cup all purpose flour</ing>
     <ing quant="1.25" ref="mil">1 1/4 cups of milk</ing>
     <ing quant="1" ref="sug">1 tablespoon of white sugar</ing>
     <ing quant="0.5" ref="sal">1/2 teaspoon salt</ing>
     <ing quant="1" ref="but">1 tablespoon butter, or as needed</ing>
    </ingredients>

        <instructions>
            <step part="1">Step 1: Beat <ing ref="egg">eggs</ing> in a bowl with an electric mixer until thick and lemon-colored, 3 to 5 minutes.</step>
            
            <step part="2">Step 2: Stir in <ing ref="mil">milk</ing>.</step>
            
            <step part="3">Step 3: Sift together <ing ref="flo">flour</ing>, <ing ref="sug">sugar</ing>, and <ing ref="sal">salt</ing> in a separate bowl. Add to <ing ref="egg">egg</ing> mixture; mix until batter is smooth.</step>
            
            <step part="4">Step 4: Grease a griddle with <ing ref="but">butter</ing>; heat over medium heat. Pour the batter into the pan, and immediately give it a slight tilt so the batter spreads wider to create a thinner edge.</step>
            
            <step part="5">Step 5: Cook until light brown on bottom, 1 to 2 minutes.</step>
            
            <step part="6">Step 6: Flip and continue cooking until second side is light brown, 1 to 2 minutes more. Repeat with remaining batter.</step>
            
            <step part="7">Step 7: Remove from pan and serve onto a plate.</step>
            <step part="optional">You can also use the following topping combinations to suit that specific craving you've been having:
       lingonberry jam (for the authentic Swedish experience)
       jam + Greek yogurt
       jam + whipped cream
       jam + cream
       fresh fruit + whipped cream
       standard maple syrup and whipped cream</step>
        </instructions>
    </recipie>
</root>
